{"cameraMode":{"drawMode":0,"name":"Shaded","section":"Shading Mode"},"sceneLighting":true,"audioPlay":false,"sceneViewState":{"showFog":true,"showMaterialUpdate":false,"showSkybox":true,"showFlares":true,"showImageEffects":true,"showParticleSystems":true},"in2DMode":false,"pivot":{"x":-2.0388927459716799,"y":-4.073467254638672,"z":4.233737468719482},"rotation":{"x":-0.21116144955158235,"y":0.06942746788263321,"z":-0.01503829937428236,"w":-0.9748684763908386},"size":14.833393096923829,"orthographic":false}