{"cameraMode":{"drawMode":0,"name":"Shaded","section":"Shading Mode"},"sceneLighting":true,"audioPlay":false,"sceneViewState":{"showFog":true,"showMaterialUpdate":false,"showSkybox":true,"showFlares":true,"showImageEffects":true,"showParticleSystems":true},"in2DMode":false,"pivot":{"x":-48.41111755371094,"y":-375.7882385253906,"z":34.88252639770508},"rotation":{"x":-0.20272420346736909,"y":0.33134153485298159,"z":-0.07311630994081497,"w":-0.9185824394226074},"size":8.98999309539795,"orthographic":false}